image,price,deal,title,shop,location
http://g-search2.alicdn.com/img/bao/uploaded/i4/i3/2616970884/TB1pmGmmpkoBKNjSZFEXXbrEVXa_!!0-item_pic.jpg,"¥
5488.00",38075人付款,"【限时下单立减200元 到手5288元】Apple/苹果
iPhone
8 Plus 64G 智能手机 苹果8p
iPhone
8p",苏宁易购官方旗舰店,江苏 南京
http://g-search3.alicdn.com/img/bao/uploaded/i4/i2/2616970884/TB1k_rkIrSYBuNjSspfXXcZCpXa_!!0-item_pic.jpg,"¥
7298.00",23976人付款,"【下单立减300元】Apple/苹果
iPhone
X 全网通4G 智能手机 苹果X 苹果10
iPhone
10
iPhone
x",苏宁易购官方旗舰店,江苏 南京
http://g-search2.alicdn.com/img/bao/uploaded/i4/i4/1042122597/TB2AHCRXtrJ8KJjSspaXXXuKpXa_!!1042122597.jpg,"¥
5690.00",230人付款,"Apple/苹果
iPhone
X
iphone
x 5.8寸屏 64G256G 苹果x 国行美港版",钓鱼岛就是中国领土,湖北 武汉
http://g-search2.alicdn.com/img/bao/uploaded/i4/i4/1713849927/TB1sqbBiPuhSKJjSspmXXcQDpXa_!!0-item_pic.jpg,"¥
38.00",6人付款,"防辐射手机袋孕妇装屏蔽电磁信号扫描隔离壳包苹果
iphone
休息卡套",优韵康旗舰店,广东 广州
http://g-search3.alicdn.com/img/bao/uploaded/i4/i2/3456472077/TB2w1gGAH9YBuNjy0FgXXcxcXXa_!!3456472077.jpg,"¥
18.00",1796人付款,"苹果8
iPhone
7Plus手机补漆笔6磨砂黑土豪金边框掉漆磕碰划痕修复",诚信之家3595,河北 邢台
http://g-search2.alicdn.com/img/bao/uploaded/i4/i4/2379820918/TB1J3K0n9tYBeNjSspkXXbU8VXa_!!0-item_pic.jpg,"¥
49.00",786人付款,"防滑垫车载手机支架仪表中控台汽车用硅胶苹果手机座
iPhone
导航仪",miragexia幻影侠旗舰店,江苏 无锡
http://g-search2.alicdn.com/img/bao/uploaded/i4/i3/2194960770/TB2rydVfYSYBuNjSspiXXXNzpXa_!!2194960770.jpg,"¥
9.50",2578人付款,"iPhone
X苹果手机边框去划痕金银首饰打磨抛光增亮擦银棒5条包邮",river玉玉,江苏 无锡
http://g-search3.alicdn.com/img/bao/uploaded/i4/i2/2227060129/TB2VcSWhScqBKNjSZFgXXX_kXXa_!!2227060129.jpg,"¥
18.00",1449人付款,"苹果手机补漆笔
iPhone
678plus磨砂黑色边框掉漆划痕磕碰修复油漆",百分百棉被,北京
http://g-search2.alicdn.com/img/bao/uploaded/i4/i1/47705761/TB22yRqd8bM8KJjSZFFXXaynpXa_!!47705761.jpg,"¥
299.00",89人付款,"日本购回动物园周边零钱包卡包
iPhone
678Xplus手机斜跨包熊猫玩具",花曳诗,上海
http://g-search3.alicdn.com/img/bao/uploaded/i4/i2/2893966855/TB2nxCcriCYBuNkSnaVXXcMsVXa_!!2893966855-0-item_pic.jpg,"¥
56.00",1142人付款,"故宫 祥瑞主题手机壳
iPhone
手机壳X 7 8 7p 8p 手机保护套 礼品",故宫博物院文创旗舰店,北京
http://g-search2.alicdn.com/img/bao/uploaded/i4/i3/2866864227/TB2JdEkANSYBuNjSspjXXX73VXa_!!2866864227.jpg,"¥
18.00",1102人付款,"苹果手机补漆笔8plus黑色掉漆划痕修复
iPhone
7边框坑洼磕碰修补6s",520欢迎来淘淘,湖南 衡阳
http://g-search3.alicdn.com/img/bao/uploaded/i4/i2/1120051936/TB27e2gfwmTBuNjy1XbXXaMrVXa_!!1120051936.jpg,"¥
20.70",481人付款,"七夕节网红抖音整蛊零食巧克力减压
iphone
7P苹果盒8X恶搞生日礼物",tb864021_2013,河南 洛阳
http://g-search3.alicdn.com/img/bao/uploaded/i4/i1/2386477693/TB2_AX1krZnBKNjSZFKXXcGOVXa_!!2386477693-0-item_pic.jpg,"¥
168.00",17人付款,"钥匙包男双拉链韩版多功能零钱包牛仔布钱包
iphone
7/8plus手机包",mrjase牧爵旗舰店,上海
http://g-search3.alicdn.com/img/bao/uploaded/i4/i2/114120214/TB2hvGLBQOWBuNjSsppXXXPgpXa_!!114120214.jpg,"¥
333.00",40人付款,"日本卡拉猫 新品原创可爱品牌女包
iPhone
7P手机袋斜挎包迷你小包",kala418,广东 广州
http://g-search1.alicdn.com/img/bao/uploaded/i4/i1/57004418/TB2DwimmRyWBuNkSmFPXXXguVXa_!!57004418.jpg,"¥
268.00",32人付款,"奥迪A3车载手机支架S3导航支架
iPhone
无线充电器苹果8 X抖音神器",guohai90,浙江 温州
http://g-search2.alicdn.com/img/bao/uploaded/i4/i2/2065859771/TB1RX0JcVLM8KJjSZFBXXXJHVXa_!!0-item_pic.jpg,"¥
28.00",251人付款,"奥迪音频线A4L/A6L/Q5/Q3/A3/Q7苹果X专用AUX线
iPhone
7音乐连接线",宾捷旗舰店,上海
http://g-search2.alicdn.com/img/bao/uploaded/i4/i2/3088937902/TB1LVe_tWmWBuNjy1XaXXXCbXXa_!!0-item_pic.jpg,"¥
299.00",28人付款,"飞利浦车载无线充电器手机快三星
iphone
苹果万能通用出风口支撑架",飞利浦埃尔曼专卖店,江苏 南京
http://g-search2.alicdn.com/img/bao/uploaded/i4/i4/824458566/TB2LF3iXy6guuRjy0FmXXa0DXXa_!!824458566.jpg,"¥
128.00",44人付款,"iphone
苹果x车载无线充电器多功能支架通用型快充安卓vivo万能",繁华落幕lkh,广东 深圳
http://g-search3.alicdn.com/img/bao/uploaded/i4/i3/2854125064/TB2d9wTtGSWBuNjSsrbXXa0mVXa_!!2854125064.jpg,"¥
18.72",234人付款,"搞怪的恶搞男友生日礼物情人节整人送女生
iphone
8苹果x创意整蛊",v唤然异新,山东 临沂
http://g-search2.alicdn.com/img/bao/uploaded/i4/i2/2893966855/TB2.57qy7yWBuNjy0FpXXassXXa_!!2893966855-0-item_pic.jpg,"¥
48.00",536人付款,"故宫 清余穉 花鸟图
iphone
手机壳X 6s 7 8 8p软壳文艺礼品",故宫博物院文创旗舰店,北京
http://g-search3.alicdn.com/img/bao/uploaded/i4/i4/1042122597/TB2M7Euaai5V1BjSspiXXXGBFXa_!!1042122597.jpg,"¥
4000.00",435人付款,"Apple/苹果
iPhone
7 Plus 7p 5.5寸手机 苹果7plus 港版国行美版",钓鱼岛就是中国领土,湖北 武汉
http://g-search1.alicdn.com/img/bao/uploaded/i4/i2/12573474/TB2J9IVcOMnBKNjSZFzXXc_qVXa_!!12573474.jpg,"¥
3808.00",646人付款,"Apple/苹果
iPhone
8 Plus
iphone
8 X苹果8港版美版全网通4G手机",最低最诚信,江苏 南京
http://g-search3.alicdn.com/img/bao/uploaded/i4/i2/277891388/TB2LumVXIbI8KJjy1zdXXbe1VXa-277891388.jpg,"¥
5898.00",1723人付款,"Apple/苹果
iPhone
X 5.8英寸手机 港版行货
iphone
x 苹果X 新款8x",我就爱购数码专营店,江苏 南京
http://g-search2.alicdn.com/img/bao/uploaded/i4/i3/2430166508/TB2rh5cigaTBuNjSszfXXXgfpXa_!!2430166508.jpg,"¥
6850.00",155人付款,"【原封】Apple/苹果
iPhone
X 10 国行港行 原封正品
iPhone
x",麦克团mactuancom,北京
http://g-search3.alicdn.com/img/bao/uploaded/i4/i2/811633209/TB2Ltp2lb1YBuNjSszhXXcUsFXa_!!811633209.jpg,"¥
1350.00",2708人付款,"五冠Apple/苹果
iPhone
6s国行 苹果6s正品
iPhone
6sp手机4g全网通",tb0428137_2011,广东 深圳
http://g-search2.alicdn.com/img/bao/uploaded/i4/i1/2539737278/TB2CrIilf5TBuNjSspcXXbnGFXa_!!2539737278.jpg,"¥
4538.00",219人付款,"Apple/苹果
iPhone
8 Plus
iPhone
X 苹果X手机8plus国行港行现货",李小麦的店,北京
http://g-search3.alicdn.com/img/bao/uploaded/i4/i2/2539737278/TB2A7kpyYSYBuNjSspiXXXNzpXa_!!2539737278.jpg,"¥
6858.00",232人付款,"Apple/苹果
iPhone
X 10 深空灰黑色 银白色 国行港版澳门 未激活",李小麦的店,北京
http://g-search3.alicdn.com/img/bao/uploaded/i4/i1/809107100/TB2mfigzf5TBuNjSspcXXbnGFXa_!!809107100-0-item_pic.jpg,"¥
7499.00",73人付款,"Apple/苹果
iPhone
X (A1865) 全网通
iphone
x电信4G手机苹果x #",中国电信官方旗舰店,北京
http://g-search3.alicdn.com/img/bao/uploaded/i4/i4/1776456424/TB1bhVMi5AnBKNjSZFvXXaTKXXa_!!0-item_pic.jpg,"¥
7288.00",734人付款,"当天发【12期分期 送购机礼】中国移动官方旗舰店中移动Apple/苹果
iPhone
X移动联通双4G手机苹果10x全新",中国移动官方旗舰店,浙江 杭州
http://g-search2.alicdn.com/img/bao/uploaded/i4/i2/1776456424/TB1HDwCy1SSBuNjy0FlXXbBpVXa_!!0-item_pic.jpg,"¥
4598.00",1464人付款,"当天发【3期0息送购机礼】中国移动官方旗舰店苹果8 中移动Apple/苹果
iPhone
8全网通4G苹果手机plus",中国移动官方旗舰店,浙江 杭州
http://g-search3.alicdn.com/img/bao/uploaded/i4/i4/1776456424/TB1EnfZy4SYBuNjSsphXXbGvVXa_!!0-item_pic.jpg,"¥
7488.00",234人付款,"当天发【3期免息 送购机礼】苹果x中移动Apple/苹果
iPhone
X全网通手机
iphone
x
iphone
10中国移动官方旗舰店",中国移动官方旗舰店,浙江 杭州
http://g-search2.alicdn.com/img/bao/uploaded/i4/i1/1776456424/TB1wwajdH1YBuNjSszeXXablFXa_!!0-item_pic.jpg,"¥
3688.00",720人付款,"12分期现货送礼苹果7 Apple/苹果
iPhone
7全网通手机国行中移动",中国移动官方旗舰店,浙江 杭州
http://g-search1.alicdn.com/img/bao/uploaded/i4/i4/1776456424/TB1TviivFmWBuNjSspdXXbugXXa_!!0-item_pic.jpg,"¥
5588.00",565人付款,"当天发【3期0息 送购机礼】
iphone
8plus苹果8plus中移动Apple/苹果
iPhone
8 Plus全网通手机中国移动官方",中国移动官方旗舰店,浙江 杭州
http://g-search1.alicdn.com/img/bao/uploaded/i4/i4/1776456424/TB1LWA4cRDH8KJjy1zeXXXjepXa_!!0-item_pic.jpg,"¥
5388.00",94人付款,"Apple/苹果
iPhone
8 Plus中国移动靓机 移动联通4G手机 正品",中国移动官方旗舰店,广东 广州
http://g-search1.alicdn.com/img/bao/uploaded/i4/i3/1776456424/TB1Ov9edFGWBuNjy0FbXXb4sXXa_!!0-item_pic.jpg,"¥
2878.00",2358人付款,"现货当天发 3期0息送壳膜 中移动苹果6sp Apple/苹果
iPhone
6s Plus全网通4G手机 3/6/12分期 中国移动官方",中国移动官方旗舰店,浙江 杭州
http://g-search3.alicdn.com/img/bao/uploaded/i4/i2/387784786/TB27LbxXkfb_uJjSsrbXXb6bVXa_!!387784786.jpg,"¥
3508.00",609人付款,"Apple/苹果
iPhone
8 Plus苹果8p 5.5手机
iphone
8p港版国行美版",启泰数码,广东 深圳
http://g-search3.alicdn.com/img/bao/uploaded/i4/i2/387784786/TB2BwfPiy0TMKJjSZFNXXa_1FXa_!!387784786.jpg,"¥
3508.00",411人付款,"Apple/苹果
iPhone
8 4.7苹果手机
iphone
8 Plus苹果8港版国行美版",启泰数码,广东 深圳
http://g-search3.alicdn.com/img/bao/uploaded/i4/i3/387784786/TB2XzstdpmWBuNjSspdXXbugXXa_!!387784786.jpg,"¥
5858.00",356人付款,"正品国行Apple/苹果
iPhone
X港版现货
iphone
x 苹果5.8手机10三网",启泰数码,广东 深圳
http://g-search1.alicdn.com/img/bao/uploaded/i4/i2/1838886525/TB227gmtCBYBeNjy0FeXXbnmFXa_!!1838886525.jpg,"¥
2998.00",197人付款,"Apple/苹果
iPhone
8 Plus 苹果8plus手机红色特别港版国行现货8P",北港数码店,广东 深圳
http://g-search3.alicdn.com/img/bao/uploaded/i4/i2/25483223/TB28dLYaNTI8KJjSspiXXbM4FXa_!!25483223.jpg,"¥
5288.00",128人付款,"国行正品Apple/苹果
iPhone
X 港版美版苹果
iphone
x 苹果x手机10x",糊涂在线,四川 成都
http://g-search3.alicdn.com/img/bao/uploaded/i4/i2/2846819868/TB2G0p0fGQoBKNjSZJnXXaw9VXa_!!2846819868.jpg,"¥
3299.00",2179人付款,"【3期免息】Apple/苹果
iPhone
8 Plus 苹果8代 国行美版8p X手机",澄讯数码有限公司,广东 深圳
http://g-search3.alicdn.com/img/bao/uploaded/i4/i3/713805254/TB2wINqH1OSBuNjy0FdXXbDnVXa_!!713805254-2-item_pic.png,"¥
5288.00",3725人付款,"【现货速发 到手价5288元起】Apple/苹果
iPhone
8 Plus 64G 智能手机 苹果8p
iphone
8苹果8 原封国行",中国移动手机官方旗舰店,广东 广州
http://g-search2.alicdn.com/img/bao/uploaded/i4/i3/2616970884/TB1I2oibjfguuRjy1zeXXb0KFXa_!!0-item_pic.jpg,"¥
2988.00",619人付款,"【稀缺货源】Apple/苹果
iPhone
6s Plus 32G全网通手机苹果6sp",苏宁易购官方旗舰店,江苏 南京
http://g-search3.alicdn.com/img/bao/uploaded/i4/i2/2616970884/TB1IXyfAlyWBuNkSmFPXXXguVXa_!!0-item_pic.jpg,"¥
6688.00",1010人付款,"【官网价限时直降】 Apple/苹果
iPhone
8 Plus 256G 全网通手机",苏宁易购官方旗舰店,江苏 南京
http://g-search3.alicdn.com/img/bao/uploaded/i4/i3/2616970884/TB1bKyNIxSYBuNjSspjXXX73VXa_!!0-item_pic.jpg,"¥
4688.00",799人付款,"【稀缺货源】Apple/苹果
iPhone
7 Plus 32G全网通4G手机",苏宁易购官方旗舰店,江苏 南京
http://g-search2.alicdn.com/img/bao/uploaded/i4/i4/2616970884/TB1_Qr6bi6guuRkSmLyXXculFXa_!!0-item_pic.jpg,"¥
4488.00",2253人付款,"【下单立减100元 到手4388元】Apple/苹果
iPhone
8 红色特别版 全网通手机
iPhone
8 苹果8",苏宁易购官方旗舰店,江苏 南京
http://g-search2.alicdn.com/img/bao/uploaded/i4/i3/898225/TB20HtzAfuSBuNkHFqDXXXfhVXa_!!898225.jpg,"¥
5088.00",200人付款,"推荐Apple/苹果
iPhone
X 港版原封
iphone
x 苹果x手机10x正品国行",ygsd,北京
http://g-search2.alicdn.com/img/bao/uploaded/i4/i3/245400903/TB2.Jw.kBDH8KJjSspnXXbNAVXa_!!245400903.jpg,"¥
4368.00",150人付款,"Apple/苹果
iPhone
8 Plus 64G 256G 5.5寸港版4.7寸国行手机正品",nanncy8313256_2009,上海
